{"model":{"version":3,"nodes":[{"name":"RootNode","position":[0,0,0],"rotation":[0,0,0],"scale":[0.01,0.01,0.01],"scaleCompensation":false},{"name":"Cube.001","position":[129.624,-94.8654,-62.1032],"rotation":[-90,-7.0167e-15,0.109428],"scale":[100,2.68333,100],"scaleCompensation":false}],"parents":[-1,0],"skins":[],"morphs":[],"vertices":[{"position":{"type":"float32","components":3,"data":[-1,1,1,-1,-1,-1,-1,-1,1,-1,1,-1,1,1,1,-1,1,-1,-1,1,1,1,1,-1,1,-1,1,1,1,-1,1,1,1,1,-1,-1,-1,-1,1,1,-1,-1,1,-1,1,-1,-1,-1,1,-1,-1,-1,-1,-1,-1,1,-1,1,1,-1,-1,1,1,-1,-1,1,1,1,1,1,-1,1,-3,1,-5.24537e-07,-5,1,-8.74228e-07,-5,-1,-8.74228e-07,-3,-1,-5.24537e-07]},"normal":{"type":"float32","components":3,"data":[-1,0,0,-1,0,0,-1,0,0,-1,0,0,0,1,0,0,1,0,0,1,0,0,1,0,1,0,0,1,0,0,1,0,0,1,0,0,0,-1,0,0,-1,0,0,-1,0,0,-1,0,0,0,-1,0,0,-1,0,0,-1,0,0,-1,0,0,1,0,0,1,0,0,1,0,0,1,-1.74846e-07,0,1,-1.74846e-07,0,1,-1.74846e-07,0,1,-1.74846e-07,0,1]},"texCoord0":{"type":"float32","components":2,"data":[0.625,0.25,0.375,0,0.625,0,0.375,0.25,0.625,0.5,0.375,0.25,0.625,0.25,0.375,0.5,0.625,0.75,0.375,0.5,0.625,0.5,0.375,0.75,0.625,1,0.375,0.75,0.625,0.75,0.375,1,0.375,0.75,0.125,0.75,0.125,0.5,0.375,0.5,0.875,0.5,0.875,0.75,0.625,0.5,0.625,0.75,1,1,0,1,0,0,1,0]}}],"meshes":[{"aabb":{"min":[-5,-1,-1],"max":[1,1,1]},"vertices":0,"indices":[0,1,2,1,0,3,4,5,6,5,4,7,8,9,10,9,8,11,12,13,14,13,12,15,16,17,18,16,18,19,20,21,22,22,21,23,24,25,26,24,26,27],"type":"triangles","base":0,"count":42}],"meshInstances":[{"node":1,"mesh":0}]}}