{"model":{"version":3,"nodes":[{"name":"RootNode","position":[0,0,0],"rotation":[0,0,0],"scale":[1,1,1],"scaleCompensation":false},{"name":"spikes","position":[0,0,0],"rotation":[0,0,0],"scale":[1,1,1],"scaleCompensation":false}],"parents":[-1,0],"skins":[],"morphs":[],"vertices":[{"position":{"type":"float32","components":3,"data":[-0.26625,0.25,-0.2625,-0.32305,0.1,-0.3185,-0.32305,0.1,-0.2065,0.03195,0.1,-0.2065,0.14555,0.1,-0.2065,0.08875,0.25,-0.2625,-0.32305,0.1,-0.2065,-0.20945,0.1,-0.2065,-0.26625,0.25,-0.2625,-0.26625,0.25,0.0875,-0.32305,0.1,0.0315,-0.32305,0.1,0.1435,-0.03195,0.1,0.0315,-0.08875,0.25,0.0875,-0.03195,0.1,0.1435,0.14555,0.1,-0.3185,0.08875,0.25,-0.2625,0.14555,0.1,-0.2065,0.405,0.05,-0.4,-0.405,0.05,-0.4,0.355,0.1,-0.35,-0.355,0.1,-0.35,-0.405,0.05,-0.4,-0.405,0,-0.4,-0.405,0.05,0.4,-0.405,0,0.4,0.14555,0.1,0.0315,0.08875,0.25,0.0875,0.14555,0.1,0.1435,0.32305,0.1,-0.3185,0.26625,0.25,-0.2625,0.32305,0.1,-0.2065,0.355,0.1,-0.35,0.355,0.1,0.35,0.405,0.05,-0.4,0.405,0.05,0.4,-0.405,0.05,0.4,0.405,0.05,0.4,-0.355,0.1,0.35,0.355,0.1,0.35,-0.08875,0.25,0.0875,-0.14555,0.1,0.0315,-0.14555,0.1,0.1435,0.26625,0.25,-0.0875,0.20945,0.1,-0.1435,0.20945,0.1,-0.0315,-0.20945,0.1,0.0315,-0.26625,0.25,0.0875,-0.20945,0.1,0.1435,0.32305,0.1,-0.3185,0.20945,0.1,-0.3185,0.26625,0.25,-0.2625,0.20945,0.1,0.1435,0.32305,0.1,0.1435,0.26625,0.25,0.0875,0.14555,0.1,0.0315,0.03195,0.1,0.0315,0.08875,0.25,0.0875,-0.14555,0.1,-0.2065,-0.03195,0.1,-0.2065,-0.08875,0.25,-0.2625,-0.03195,0.1,0.0315,-0.14555,0.1,0.0315,-0.08875,0.25,0.0875,0.14555,0.1,-0.3185,0.03195,0.1,-0.3185,0.08875,0.25,-0.2625,0.14555,0.1,0.2065,0.08875,0.25,0.2625,0.14555,0.1,0.3185,-0.03195,0.1,0.2065,-0.14555,0.1,0.2065,-0.08875,0.25,0.2625,0.20945,0.1,-0.2065,0.32305,0.1,-0.2065,0.26625,0.25,-0.2625,0.32305,0.1,-0.1435,0.20945,0.1,-0.1435,0.26625,0.25,-0.0875,-0.08875,0.25,0.2625,-0.14555,0.1,0.2065,-0.14555,0.1,0.3185,-0.20945,0.1,-0.1435,-0.26625,0.25,-0.0875,-0.20945,0.1,-0.0315,-0.405,0.05,-0.4,-0.405,0.05,0.4,-0.355,0.1,-0.35,-0.355,0.1,0.35,0.405,0,-0.4,-0.405,0,-0.4,0.405,0.05,-0.4,-0.405,0.05,-0.4,0.03195,0.1,0.1435,0.14555,0.1,0.1435,0.08875,0.25,0.0875,-0.32305,0.1,-0.0315,-0.20945,0.1,-0.0315,-0.26625,0.25,-0.0875,0.20945,0.1,-0.0315,0.32305,0.1,-0.0315,0.26625,0.25,-0.0875,-0.03195,0.1,-0.1435,-0.14555,0.1,-0.1435,-0.08875,0.25,-0.0875,-0.20945,0.1,-0.3185,-0.32305,0.1,-0.3185,-0.26625,0.25,-0.2625,0.08875,0.25,0.0875,0.03195,0.1,0.0315,0.03195,0.1,0.1435,0.08875,0.25,-0.2625,0.03195,0.1,-0.3185,0.03195,0.1,-0.2065,-0.405,0,0.4,0.405,0,0.4,-0.405,0.05,0.4,0.405,0.05,0.4,0.14555,0.1,0.2065,0.03195,0.1,0.2065,0.08875,0.25,0.2625,0.20945,0.1,0.3185,0.32305,0.1,0.3185,0.26625,0.25,0.2625,0.32305,0.1,0.0315,0.20945,0.1,0.0315,0.26625,0.25,0.0875,-0.20945,0.1,0.2065,-0.26625,0.25,0.2625,-0.20945,0.1,0.3185,-0.20945,0.1,0.0315,-0.32305,0.1,0.0315,-0.26625,0.25,0.0875,0.14555,0.1,-0.1435,0.03195,0.1,-0.1435,0.08875,0.25,-0.0875,-0.405,0,0.4,-0.405,0,-0.4,0.405,0,0.4,0.405,0,-0.4,-0.20945,0.1,-0.1435,-0.32305,0.1,-0.1435,-0.26625,0.25,-0.0875,0.32305,0.1,0.2065,0.20945,0.1,0.2065,0.26625,0.25,0.2625,-0.20945,0.1,0.2065,-0.32305,0.1,0.2065,-0.26625,0.25,0.2625,0.32305,0.1,0.2065,0.26625,0.25,0.2625,0.32305,0.1,0.3185,-0.355,0.1,0.35,-0.32305,0.1,-0.3185,-0.355,0.1,-0.35,0.355,0.1,-0.35,-0.20945,0.1,-0.3185,-0.14555,0.1,-0.3185,-0.20945,0.1,-0.2065,-0.20945,0.1,-0.1435,-0.20945,0.1,-0.0315,-0.20945,0.1,0.0315,-0.20945,0.1,0.1435,-0.20945,0.1,0.2065,-0.20945,0.1,0.3185,-0.03195,0.1,-0.3185,0.03195,0.1,-0.3185,-0.03195,0.1,-0.2065,-0.03195,0.1,-0.1435,-0.03195,0.1,-0.0315,-0.03195,0.1,0.0315,-0.03195,0.1,0.1435,-0.03195,0.1,0.2065,-0.03195,0.1,0.3185,0.03195,0.1,0.3185,0.355,0.1,0.35,-0.32305,0.1,0.3185,-0.32305,0.1,-0.2065,-0.32305,0.1,-0.1435,-0.32305,0.1,-0.0315,-0.32305,0.1,0.0315,-0.32305,0.1,0.1435,-0.32305,0.1,0.2065,-0.14555,0.1,0.3185,-0.14555,0.1,-0.2065,-0.14555,0.1,-0.1435,-0.14555,0.1,-0.0315,-0.14555,0.1,0.0315,-0.14555,0.1,0.1435,-0.14555,0.1,0.2065,0.14555,0.1,-0.3185,0.20945,0.1,-0.3185,0.14555,0.1,-0.2065,0.14555,0.1,-0.1435,0.14555,0.1,-0.0315,0.14555,0.1,0.0315,0.14555,0.1,0.1435,0.14555,0.1,0.2065,0.14555,0.1,0.3185,0.32305,0.1,-0.3185,0.32305,0.1,-0.2065,0.32305,0.1,-0.1435,0.32305,0.1,-0.0315,0.32305,0.1,0.0315,0.32305,0.1,0.1435,0.32305,0.1,0.2065,0.32305,0.1,0.3185,0.20945,0.1,0.3185,0.20945,0.1,-0.2065,0.20945,0.1,-0.1435,0.20945,0.1,-0.0315,0.20945,0.1,0.0315,0.20945,0.1,0.1435,0.20945,0.1,0.2065,0.03195,0.1,-0.2065,0.03195,0.1,-0.1435,0.03195,0.1,-0.0315,0.03195,0.1,0.0315,0.03195,0.1,0.1435,0.03195,0.1,0.2065,-0.32305,0.1,0.1435,-0.20945,0.1,0.1435,-0.26625,0.25,0.0875,-0.26625,0.25,-0.0875,-0.32305,0.1,-0.1435,-0.32305,0.1,-0.0315,-0.03195,0.1,-0.3185,-0.08875,0.25,-0.2625,-0.03195,0.1,-0.2065,0.08875,0.25,0.2625,0.03195,0.1,0.2065,0.03195,0.1,0.3185,-0.03195,0.1,0.2065,-0.08875,0.25,0.2625,-0.03195,0.1,0.3185,0.26625,0.25,0.2625,0.20945,0.1,0.2065,0.20945,0.1,0.3185,0.26625,0.25,-0.2625,0.20945,0.1,-0.3185,0.20945,0.1,-0.2065,0.405,0,-0.4,0.405,0.05,-0.4,0.405,0,0.4,0.405,0.05,0.4,-0.08875,0.25,-0.0875,-0.14555,0.1,-0.1435,-0.14555,0.1,-0.0315,0.08875,0.25,-0.0875,0.03195,0.1,-0.1435,0.03195,0.1,-0.0315,0.26625,0.25,0.0875,0.20945,0.1,0.0315,0.20945,0.1,0.1435,0.14555,0.1,-0.1435,0.08875,0.25,-0.0875,0.14555,0.1,-0.0315,0.03195,0.1,0.3185,0.14555,0.1,0.3185,0.08875,0.25,0.2625,-0.26625,0.25,0.2625,-0.32305,0.1,0.2065,-0.32305,0.1,0.3185,0.32305,0.1,0.0315,0.26625,0.25,0.0875,0.32305,0.1,0.1435,-0.14555,0.1,0.3185,-0.03195,0.1,0.3185,-0.08875,0.25,0.2625,0.03195,0.1,-0.0315,0.14555,0.1,-0.0315,0.08875,0.25,-0.0875,-0.14555,0.1,0.1435,-0.03195,0.1,0.1435,-0.08875,0.25,0.0875,-0.03195,0.1,-0.1435,-0.08875,0.25,-0.0875,-0.03195,0.1,-0.0315,-0.03195,0.1,-0.3185,-0.14555,0.1,-0.3185,-0.08875,0.25,-0.2625,-0.32305,0.1,0.3185,-0.20945,0.1,0.3185,-0.26625,0.25,0.2625,-0.08875,0.25,-0.2625,-0.14555,0.1,-0.3185,-0.14555,0.1,-0.2065,0.32305,0.1,-0.1435,0.26625,0.25,-0.0875,0.32305,0.1,-0.0315,-0.14555,0.1,-0.0315,-0.03195,0.1,-0.0315,-0.08875,0.25,-0.0875,-0.20945,0.1,-0.3185,-0.26625,0.25,-0.2625,-0.20945,0.1,-0.2065]},"normal":{"type":"float32","components":3,